symbol,isin,trade_date,exchange,segment,series,trade_type,auction,quantity,price,trade_id,order_id,order_execution_time,expiry_date
NIFTY2481424100CE,,2024-08-13,NSE,FO,,buy,false,75.000000,118.900000,101710465,1100000265014478,2024-08-13T14:52:38,2024-08-14
NIFTY2481424100CE,,2024-08-13,NSE,FO,,buy,false,75.000000,118.850000,101710464,1100000265014478,2024-08-13T14:52:38,2024-08-14
NIFTY2481424100CE,,2024-08-13,NSE,FO,,sell,false,150.000000,118.100000,103127355,1100000281098228,2024-08-13T15:08:42,2024-08-14
NIFTY2482224200CE,,2024-08-16,NSE,FO,,buy,false,250.000000,173.850000,2406705,1000000067634422,2024-08-16T11:14:52,2024-08-22
NIFTY2482224200CE,,2024-08-16,NSE,FO,,sell,false,250.000000,210.000000,2551398,1000000072668948,2024-08-16T11:27:22,2024-08-22
NIFTY2482224650CE,,2024-08-20,NSE,FO,,buy,false,450.000000,119.400000,11704403,1000000134536647,2024-08-20T11:44:24,2024-08-22
NIFTY2482224650CE,,2024-08-20,NSE,FO,,sell,false,25.000000,134.450000,13434212,1000000149043990,2024-08-20T12:05:33,2024-08-22
NIFTY2482224650CE,,2024-08-20,NSE,FO,,sell,false,75.000000,134.450000,13434211,1000000149043990,2024-08-20T12:05:33,2024-08-22
NIFTY2482224650CE,,2024-08-20,NSE,FO,,sell,false,50.000000,134.400000,13434216,1000000149043990,2024-08-20T12:05:33,2024-08-22
NIFTY2482224650CE,,2024-08-20,NSE,FO,,sell,false,150.000000,134.400000,13434215,1000000149043990,2024-08-20T12:05:33,2024-08-22
NIFTY2482224650CE,,2024-08-20,NSE,FO,,sell,false,25.000000,134.400000,13434214,1000000149043990,2024-08-20T12:05:33,2024-08-22
NIFTY2482224650CE,,2024-08-20,NSE,FO,,sell,false,25.000000,134.400000,13434213,1000000149043990,2024-08-20T12:05:33,2024-08-22
NIFTY2482224650CE,,2024-08-20,NSE,FO,,sell,false,25.000000,134.600000,13434209,1000000149043990,2024-08-20T12:05:33,2024-08-22
NIFTY2482224650CE,,2024-08-20,NSE,FO,,sell,false,75.000000,134.450000,13434210,1000000149043990,2024-08-20T12:05:33,2024-08-22
NIFTY2482224750CE,,2024-08-22,NSE,FO,,buy,false,50.000000,65.750000,84292062,1100000054570022,2024-08-22T10:22:53,2024-08-22
NIFTY2482224750CE,,2024-08-22,NSE,FO,,buy,false,75.000000,65.750000,84292061,1100000054570022,2024-08-22T10:22:53,2024-08-22
NIFTY2482224750CE,,2024-08-22,NSE,FO,,buy,false,25.000000,65.700000,84292060,1100000054570022,2024-08-22T10:22:53,2024-08-22
NIFTY2482224750CE,,2024-08-22,NSE,FO,,buy,false,100.000000,65.700000,84292059,1100000054570022,2024-08-22T10:22:53,2024-08-22
NIFTY2482224750CE,,2024-08-22,NSE,FO,,sell,false,25.000000,60.850000,84323648,1100000055189800,2024-08-22T10:24:05,2024-08-22
NIFTY2482224750CE,,2024-08-22,NSE,FO,,sell,false,25.000000,60.850000,84323649,1100000055189800,2024-08-22T10:24:05,2024-08-22
NIFTY2482224750CE,,2024-08-22,NSE,FO,,sell,false,75.000000,60.850000,84323644,1100000055189800,2024-08-22T10:24:05,2024-08-22
NIFTY2482224750CE,,2024-08-22,NSE,FO,,sell,false,25.000000,60.850000,84323645,1100000055189800,2024-08-22T10:24:05,2024-08-22
NIFTY2482224750CE,,2024-08-22,NSE,FO,,sell,false,25.000000,60.850000,84323646,1100000055189800,2024-08-22T10:24:05,2024-08-22
NIFTY2482224750CE,,2024-08-22,NSE,FO,,sell,false,75.000000,60.850000,84323647,1100000055189800,2024-08-22T10:24:05,2024-08-22
NIFTY24AUG24750CE,,2024-08-22,NSE,FO,,buy,false,25.000000,186.900000,151021288,1200000026366702,2024-08-22T10:25:51,2024-08-29
NIFTY24AUG24750CE,,2024-08-22,NSE,FO,,buy,false,25.000000,186.950000,151021289,1200000026366702,2024-08-22T10:25:51,2024-08-29
NIFTY24AUG24750CE,,2024-08-22,NSE,FO,,buy,false,50.000000,187.000000,151021290,1200000026366702,2024-08-22T10:25:51,2024-08-29
NIFTY24AUG24750CE,,2024-08-22,NSE,FO,,buy,false,150.000000,187.000000,151021291,1200000026366702,2024-08-22T10:25:51,2024-08-29
NIFTY2482224750CE,,2024-08-22,NSE,FO,,buy,false,75.000000,70.650000,85906598,1100000083497208,2024-08-22T11:23:29,2024-08-22
NIFTY2482224750CE,,2024-08-22,NSE,FO,,buy,false,75.000000,70.650000,85906599,1100000083497208,2024-08-22T11:23:29,2024-08-22
NIFTY2482224750CE,,2024-08-22,NSE,FO,,sell,false,150.000000,90.000000,86341242,1100000084965050,2024-08-22T11:41:20,2024-08-22
NIFTY24AUG24750CE,,2024-08-22,NSE,FO,,sell,false,100.000000,201.750000,151485211,1200000030513113,2024-08-22T11:41:37,2024-08-29
NIFTY24AUG24750CE,,2024-08-22,NSE,FO,,sell,false,150.000000,201.650000,151485212,1200000030513113,2024-08-22T11:41:37,2024-08-29
NIFTY24AUG24850PE,,2024-08-23,NSE,FO,,buy,false,175.000000,118.350000,732349773,2000000074093072,2024-08-23T12:27:07,2024-08-29
NIFTY24AUG24850PE,,2024-08-23,NSE,FO,,buy,false,75.000000,118.350000,732349772,2000000074093072,2024-08-23T12:27:07,2024-08-29
NIFTY24AUG24850PE,,2024-08-23,NSE,FO,,buy,false,25.000000,120.100000,732471024,2000000077871828,2024-08-23T12:45:43,2024-08-29
NIFTY24AUG24850PE,,2024-08-23,NSE,FO,,buy,false,200.000000,120.100000,732471023,2000000077871828,2024-08-23T12:45:43,2024-08-29
NIFTY24AUG24850PE,,2024-08-23,NSE,FO,,buy,false,25.000000,120.100000,732471022,2000000077871828,2024-08-23T12:45:43,2024-08-29
NIFTY24AUG24850PE,,2024-08-23,NSE,FO,,sell,false,25.000000,121.650000,732568643,2000000081270138,2024-08-23T13:07:56,2024-08-29
NIFTY24AUG24850PE,,2024-08-23,NSE,FO,,sell,false,100.000000,121.650000,732568642,2000000081270138,2024-08-23T13:07:56,2024-08-29
NIFTY24AUG24850PE,,2024-08-23,NSE,FO,,sell,false,25.000000,121.650000,732568641,2000000081270138,2024-08-23T13:07:56,2024-08-29
NIFTY24AUG24850PE,,2024-08-23,NSE,FO,,sell,false,50.000000,121.700000,732568640,2000000081270138,2024-08-23T13:07:56,2024-08-29
NIFTY24AUG24850PE,,2024-08-23,NSE,FO,,sell,false,25.000000,121.700000,732568639,2000000081270138,2024-08-23T13:07:56,2024-08-29
NIFTY24AUG24850PE,,2024-08-23,NSE,FO,,sell,false,25.000000,121.700000,732568638,2000000081270138,2024-08-23T13:07:56,2024-08-29
NIFTY24AUG24850PE,,2024-08-23,NSE,FO,,sell,false,75.000000,122.000000,732571386,2000000081353502,2024-08-23T13:08:25,2024-08-29
NIFTY24AUG24850PE,,2024-08-23,NSE,FO,,sell,false,25.000000,122.000000,732571384,2000000081353502,2024-08-23T13:08:25,2024-08-29
NIFTY24AUG24850PE,,2024-08-23,NSE,FO,,sell,false,50.000000,122.000000,732571385,2000000081353502,2024-08-23T13:08:25,2024-08-29
NIFTY24AUG24850PE,,2024-08-23,NSE,FO,,sell,false,25.000000,122.050000,732571383,2000000081353502,2024-08-23T13:08:25,2024-08-29
NIFTY24AUG24850PE,,2024-08-23,NSE,FO,,sell,false,50.000000,121.950000,732571388,2000000081353502,2024-08-23T13:08:25,2024-08-29
NIFTY24AUG24850PE,,2024-08-23,NSE,FO,,sell,false,25.000000,121.950000,732571387,2000000081353502,2024-08-23T13:08:25,2024-08-29
NIFTY24AUG25000CE,,2024-08-27,NSE,FO,,buy,false,50.000000,112.300000,16124419,1000000199167144,2024-08-27T12:05:46,2024-08-29
NIFTY24AUG25000CE,,2024-08-27,NSE,FO,,buy,false,200.000000,112.250000,16124418,1000000199167144,2024-08-27T12:05:46,2024-08-29
NIFTY24AUG25000CE,,2024-08-27,NSE,FO,,sell,false,100.000000,105.500000,16469789,1000000202794606,2024-08-27T12:10:00,2024-08-29
NIFTY24AUG25000CE,,2024-08-27,NSE,FO,,sell,false,75.000000,105.500000,16469788,1000000202794606,2024-08-27T12:10:00,2024-08-29
NIFTY24AUG25000CE,,2024-08-27,NSE,FO,,sell,false,25.000000,105.500000,16469787,1000000202794606,2024-08-27T12:10:00,2024-08-29
NIFTY24AUG25000CE,,2024-08-27,NSE,FO,,sell,false,50.000000,105.500000,16469786,1000000202794606,2024-08-27T12:10:00,2024-08-29
NIFTY24AUG25000CE,,2024-08-27,NSE,FO,,buy,false,50.000000,107.950000,16656269,1000000205479793,2024-08-27T12:13:39,2024-08-29
NIFTY24AUG25000CE,,2024-08-27,NSE,FO,,buy,false,75.000000,107.950000,16656268,1000000205479793,2024-08-27T12:13:39,2024-08-29
NIFTY24AUG25000CE,,2024-08-27,NSE,FO,,buy,false,25.000000,107.950000,16656267,1000000205479793,2024-08-27T12:13:39,2024-08-29
NIFTY24AUG25000CE,,2024-08-27,NSE,FO,,buy,false,75.000000,107.950000,16656266,1000000205479793,2024-08-27T12:13:39,2024-08-29
NIFTY24AUG25000CE,,2024-08-27,NSE,FO,,buy,false,25.000000,107.900000,16656265,1000000205479793,2024-08-27T12:13:39,2024-08-29
NIFTY24AUG25000CE,,2024-08-27,NSE,FO,,buy,false,25.000000,108.250000,16659934,1000000205543739,2024-08-27T12:13:45,2024-08-29
NIFTY24AUG25000CE,,2024-08-27,NSE,FO,,buy,false,75.000000,108.250000,16659933,1000000205543739,2024-08-27T12:13:45,2024-08-29
NIFTY24AUG25000CE,,2024-08-27,NSE,FO,,buy,false,100.000000,108.250000,16659932,1000000205543739,2024-08-27T12:13:45,2024-08-29
NIFTY24AUG25000CE,,2024-08-27,NSE,FO,,buy,false,25.000000,108.250000,16659931,1000000205543739,2024-08-27T12:13:45,2024-08-29
NIFTY24AUG25000CE,,2024-08-27,NSE,FO,,buy,false,25.000000,108.200000,16659930,1000000205543739,2024-08-27T12:13:45,2024-08-29
NIFTY24AUG25000CE,,2024-08-27,NSE,FO,,sell,false,50.000000,117.150000,20568507,1000000249736250,2024-08-27T13:24:38,2024-08-29
NIFTY24AUG25000CE,,2024-08-27,NSE,FO,,sell,false,100.000000,117.100000,20568508,1000000249736250,2024-08-27T13:24:38,2024-08-29
NIFTY24AUG25000CE,,2024-08-27,NSE,FO,,sell,false,25.000000,117.100000,20568510,1000000249736250,2024-08-27T13:24:38,2024-08-29
NIFTY24AUG25000CE,,2024-08-27,NSE,FO,,sell,false,75.000000,117.100000,20568509,1000000249736250,2024-08-27T13:24:38,2024-08-29
NIFTY24AUG25000CE,,2024-08-27,NSE,FO,,buy,false,25.000000,117.900000,20610046,1000000250259584,2024-08-27T13:25:36,2024-08-29
NIFTY24AUG25000CE,,2024-08-27,NSE,FO,,buy,false,25.000000,117.900000,20610045,1000000250259584,2024-08-27T13:25:36,2024-08-29
NIFTY24AUG25000CE,,2024-08-27,NSE,FO,,buy,false,100.000000,117.900000,20610044,1000000250259584,2024-08-27T13:25:36,2024-08-29
NIFTY24AUG25000CE,,2024-08-27,NSE,FO,,buy,false,75.000000,117.900000,20610043,1000000250259584,2024-08-27T13:25:36,2024-08-29
NIFTY24AUG25000CE,,2024-08-27,NSE,FO,,buy,false,25.000000,117.850000,20610042,1000000250259584,2024-08-27T13:25:36,2024-08-29
NIFTY24AUG25000CE,,2024-08-27,NSE,FO,,sell,false,50.000000,118.300000,21376069,1000000258486270,2024-08-27T13:37:29,2024-08-29
NIFTY24AUG25000CE,,2024-08-27,NSE,FO,,sell,false,200.000000,118.300000,21376068,1000000258486270,2024-08-27T13:37:29,2024-08-29
NIFTY24AUG25000CE,,2024-08-27,NSE,FO,,sell,false,150.000000,118.350000,21376067,1000000258486270,2024-08-27T13:37:29,2024-08-29
NIFTY24AUG25000CE,,2024-08-27,NSE,FO,,sell,false,100.000000,118.400000,21376066,1000000258486270,2024-08-27T13:37:29,2024-08-29
NIFTY24AUG25100PE,,2024-08-28,NSE,FO,,buy,false,75.000000,58.900000,813361816,2100000077089905,2024-08-28T12:42:41,2024-08-29
NIFTY24AUG25100PE,,2024-08-28,NSE,FO,,buy,false,50.000000,58.900000,813361815,2100000077089905,2024-08-28T12:42:41,2024-08-29
NIFTY24AUG25100PE,,2024-08-28,NSE,FO,,buy,false,250.000000,58.850000,813361814,2100000077089905,2024-08-28T12:42:41,2024-08-29
NIFTY24AUG25100PE,,2024-08-28,NSE,FO,,buy,false,50.000000,58.850000,813361813,2100000077089905,2024-08-28T12:42:41,2024-08-29
NIFTY24AUG25100PE,,2024-08-28,NSE,FO,,buy,false,75.000000,58.850000,813361812,2100000077089905,2024-08-28T12:42:41,2024-08-29
NIFTY24AUG25100PE,,2024-08-28,NSE,FO,,buy,false,75.000000,57.400000,813735482,2100000087367385,2024-08-28T13:30:47,2024-08-29
NIFTY24AUG25100PE,,2024-08-28,NSE,FO,,buy,false,75.000000,57.400000,813735481,2100000087367385,2024-08-28T13:30:47,2024-08-29
NIFTY24AUG25100PE,,2024-08-28,NSE,FO,,buy,false,75.000000,57.400000,813735480,2100000087367385,2024-08-28T13:30:47,2024-08-29
NIFTY24AUG25100PE,,2024-08-28,NSE,FO,,buy,false,75.000000,57.400000,813735485,2100000087367385,2024-08-28T13:30:47,2024-08-29
NIFTY24AUG25100PE,,2024-08-28,NSE,FO,,buy,false,150.000000,57.400000,813735484,2100000087367385,2024-08-28T13:30:47,2024-08-29
NIFTY24AUG25100PE,,2024-08-28,NSE,FO,,buy,false,50.000000,57.400000,813735483,2100000087367385,2024-08-28T13:30:47,2024-08-29
NIFTY24AUG25100PE,,2024-08-28,NSE,FO,,sell,false,25.000000,51.850000,814048284,2100000094389986,2024-08-28T14:05:49,2024-08-29
NIFTY24AUG25100PE,,2024-08-28,NSE,FO,,sell,false,225.000000,51.850000,814048283,2100000094389986,2024-08-28T14:05:49,2024-08-29
NIFTY24AUG25100PE,,2024-08-28,NSE,FO,,sell,false,50.000000,51.850000,814048282,2100000094389986,2024-08-28T14:05:49,2024-08-29
NIFTY24AUG25100PE,,2024-08-28,NSE,FO,,sell,false,100.000000,51.850000,814048281,2100000094389986,2024-08-28T14:05:49,2024-08-29
NIFTY24AUG25100PE,,2024-08-28,NSE,FO,,sell,false,450.000000,51.850000,814048280,2100000094389986,2024-08-28T14:05:49,2024-08-29
NIFTY24AUG25100PE,,2024-08-28,NSE,FO,,sell,false,25.000000,51.850000,814048279,2100000094389986,2024-08-28T14:05:49,2024-08-29
NIFTY24AUG25100PE,,2024-08-28,NSE,FO,,sell,false,25.000000,51.900000,814048278,2100000094389986,2024-08-28T14:05:49,2024-08-29
NIFTY24AUG25100PE,,2024-08-28,NSE,FO,,sell,false,100.000000,51.900000,814048277,2100000094389986,2024-08-28T14:05:49,2024-08-29
NIFTY2490525250CE,,2024-09-02,NSE,FO,,buy,false,250.000000,140.750000,1012975,1000000024037897,2024-09-02T10:10:04,2024-09-05
NIFTY2490525250CE,,2024-09-02,NSE,FO,,buy,false,50.000000,143.600000,1064020,1000000025550506,2024-09-02T10:13:50,2024-09-05
NIFTY2490525250CE,,2024-09-02,NSE,FO,,buy,false,100.000000,143.600000,1064021,1000000025550506,2024-09-02T10:13:50,2024-09-05
NIFTY2490525250CE,,2024-09-02,NSE,FO,,sell,false,100.000000,134.200000,1140146,1000000028306367,2024-09-02T10:22:41,2024-09-05
NIFTY2490525250CE,,2024-09-02,NSE,FO,,sell,false,25.000000,134.200000,1140145,1000000028306367,2024-09-02T10:22:41,2024-09-05
NIFTY2490525250CE,,2024-09-02,NSE,FO,,sell,false,25.000000,134.200000,1140142,1000000028306367,2024-09-02T10:22:41,2024-09-05
NIFTY2490525250CE,,2024-09-02,NSE,FO,,sell,false,25.000000,134.200000,1140143,1000000028306367,2024-09-02T10:22:41,2024-09-05
NIFTY2490525250CE,,2024-09-02,NSE,FO,,sell,false,25.000000,134.200000,1140144,1000000028306367,2024-09-02T10:22:41,2024-09-05
NIFTY2490525250CE,,2024-09-02,NSE,FO,,sell,false,25.000000,134.200000,1141697,1000000028344222,2024-09-02T10:22:48,2024-09-05
NIFTY2490525250CE,,2024-09-02,NSE,FO,,sell,false,25.000000,134.200000,1141700,1000000028344222,2024-09-02T10:22:48,2024-09-05
NIFTY2490525250CE,,2024-09-02,NSE,FO,,sell,false,125.000000,134.200000,1141699,1000000028344222,2024-09-02T10:22:48,2024-09-05
NIFTY2490525250CE,,2024-09-02,NSE,FO,,sell,false,25.000000,134.200000,1141698,1000000028344222,2024-09-02T10:22:48,2024-09-05
NIFTY2490525250CE,,2024-09-02,NSE,FO,,buy,false,75.000000,143.250000,1271437,1000000032905410,2024-09-02T10:41:04,2024-09-05
NIFTY2490525250CE,,2024-09-02,NSE,FO,,buy,false,225.000000,143.250000,1271462,1000000032905410,2024-09-02T10:41:04,2024-09-05
NIFTY2490525250CE,,2024-09-02,NSE,FO,,sell,false,100.000000,137.050000,1317772,1000000034417888,2024-09-02T10:47:33,2024-09-05
NIFTY2490525250CE,,2024-09-02,NSE,FO,,sell,false,50.000000,137.050000,1317771,1000000034417888,2024-09-02T10:47:33,2024-09-05
NIFTY2490525250CE,,2024-09-02,NSE,FO,,sell,false,100.000000,137.050000,1317770,1000000034417888,2024-09-02T10:47:33,2024-09-05
NIFTY2490525250CE,,2024-09-02,NSE,FO,,sell,false,25.000000,137.100000,1317769,1000000034417888,2024-09-02T10:47:33,2024-09-05
NIFTY2490525250CE,,2024-09-02,NSE,FO,,sell,false,25.000000,137.100000,1317768,1000000034417888,2024-09-02T10:47:33,2024-09-05
NIFTY2490525300PE,,2024-09-02,NSE,FO,,buy,false,50.000000,111.200000,811830738,2100000039980147,2024-09-02T10:55:45,2024-09-05
NIFTY2490525300PE,,2024-09-02,NSE,FO,,buy,false,25.000000,111.200000,811830739,2100000039980147,2024-09-02T10:55:45,2024-09-05
NIFTY2490525300PE,,2024-09-02,NSE,FO,,buy,false,200.000000,111.250000,811830740,2100000039980147,2024-09-02T10:55:45,2024-09-05
NIFTY2490525300PE,,2024-09-02,NSE,FO,,buy,false,175.000000,111.300000,811830741,2100000039980147,2024-09-02T10:55:45,2024-09-05
NIFTY2490525300PE,,2024-09-02,NSE,FO,,sell,false,100.000000,97.650000,812002917,2100000043910122,2024-09-02T11:09:55,2024-09-05
NIFTY2490525300PE,,2024-09-02,NSE,FO,,sell,false,25.000000,97.650000,812002914,2100000043910122,2024-09-02T11:09:55,2024-09-05
NIFTY2490525300PE,,2024-09-02,NSE,FO,,sell,false,25.000000,97.650000,812002915,2100000043910122,2024-09-02T11:09:55,2024-09-05
NIFTY2490525300PE,,2024-09-02,NSE,FO,,sell,false,25.000000,97.650000,812002916,2100000043910122,2024-09-02T11:09:55,2024-09-05
NIFTY2490525300PE,,2024-09-02,NSE,FO,,sell,false,150.000000,97.650000,812002918,2100000043910122,2024-09-02T11:09:55,2024-09-05
NIFTY2490525300PE,,2024-09-02,NSE,FO,,sell,false,25.000000,97.600000,812002919,2100000043910122,2024-09-02T11:09:55,2024-09-05
NIFTY2490525300PE,,2024-09-02,NSE,FO,,sell,false,100.000000,97.600000,812002920,2100000043910122,2024-09-02T11:09:55,2024-09-05
NIFTY2490525100CE,,2024-09-04,NSE,FO,,buy,false,150.000000,81.350000,82389829,1100000033743206,2024-09-04T10:43:40,2024-09-05
NIFTY2490525100CE,,2024-09-04,NSE,FO,,buy,false,25.000000,81.400000,82389831,1100000033743206,2024-09-04T10:43:40,2024-09-05
NIFTY2490525100CE,,2024-09-04,NSE,FO,,buy,false,75.000000,81.400000,82389830,1100000033743206,2024-09-04T10:43:40,2024-09-05
NIFTY2490525100CE,,2024-09-04,NSE,FO,,buy,false,50.000000,87.850000,82804447,1100000041558960,2024-09-04T11:13:14,2024-09-05
NIFTY2490525100CE,,2024-09-04,NSE,FO,,buy,false,25.000000,87.900000,82804450,1100000041558960,2024-09-04T11:13:14,2024-09-05
NIFTY2490525100CE,,2024-09-04,NSE,FO,,buy,false,50.000000,87.900000,82804449,1100000041558960,2024-09-04T11:13:14,2024-09-05
NIFTY2490525100CE,,2024-09-04,NSE,FO,,buy,false,125.000000,87.850000,82804448,1100000041558960,2024-09-04T11:13:14,2024-09-05
NIFTY2490525100CE,,2024-09-04,NSE,FO,,sell,false,75.000000,88.650000,83649698,1100000060543787,2024-09-04T12:53:52,2024-09-05
NIFTY2490525100CE,,2024-09-04,NSE,FO,,sell,false,50.000000,88.650000,83649697,1100000060543787,2024-09-04T12:53:52,2024-09-05
NIFTY2490525100CE,,2024-09-04,NSE,FO,,sell,false,75.000000,88.650000,83649696,1100000060543787,2024-09-04T12:53:52,2024-09-05
NIFTY2490525100CE,,2024-09-04,NSE,FO,,sell,false,50.000000,88.700000,83649695,1100000060543787,2024-09-04T12:53:52,2024-09-05
NIFTY2490525100CE,,2024-09-04,NSE,FO,,sell,false,125.000000,87.500000,83673437,1100000061213150,2024-09-04T12:58:03,2024-09-05
NIFTY2490525100CE,,2024-09-04,NSE,FO,,sell,false,25.000000,87.500000,83673436,1100000061213150,2024-09-04T12:58:03,2024-09-05
NIFTY2490525100CE,,2024-09-04,NSE,FO,,sell,false,75.000000,87.500000,83673435,1100000061213150,2024-09-04T12:58:03,2024-09-05
NIFTY2490525100CE,,2024-09-04,NSE,FO,,sell,false,25.000000,87.500000,83673434,1100000061213150,2024-09-04T12:58:03,2024-09-05
NIFTY2491225100PE,,2024-09-04,NSE,FO,,buy,false,200.000000,146.100000,151155958,1200000029829018,2024-09-04T13:01:43,2024-09-12
NIFTY2491225100PE,,2024-09-04,NSE,FO,,buy,false,50.000000,146.100000,151155959,1200000029829018,2024-09-04T13:01:43,2024-09-12
NIFTY2491225100PE,,2024-09-04,NSE,FO,,sell,false,150.000000,138.500000,151194464,1200000030682919,2024-09-04T13:13:07,2024-09-12
NIFTY2491225100PE,,2024-09-04,NSE,FO,,sell,false,100.000000,138.500000,151194465,1200000030682919,2024-09-04T13:13:07,2024-09-12
NIFTY2490525100CE,,2024-09-04,NSE,FO,,buy,false,75.000000,94.800000,83808793,1100000064043367,2024-09-04T13:14:46,2024-09-05
NIFTY2490525100CE,,2024-09-04,NSE,FO,,buy,false,150.000000,94.800000,83808792,1100000064043367,2024-09-04T13:14:46,2024-09-05
NIFTY2490525100CE,,2024-09-04,NSE,FO,,buy,false,50.000000,94.750000,83808791,1100000064043367,2024-09-04T13:14:46,2024-09-05
NIFTY2490525100CE,,2024-09-04,NSE,FO,,buy,false,50.000000,94.750000,83808790,1100000064043367,2024-09-04T13:14:46,2024-09-05
NIFTY2490525100CE,,2024-09-04,NSE,FO,,buy,false,50.000000,94.750000,83808789,1100000064043367,2024-09-04T13:14:46,2024-09-05
NIFTY2490525100CE,,2024-09-04,NSE,FO,,buy,false,75.000000,94.750000,83808788,1100000064043367,2024-09-04T13:14:46,2024-09-05
NIFTY2490525100CE,,2024-09-04,NSE,FO,,sell,false,75.000000,112.500000,83867047,1100000064427823,2024-09-04T13:15:40,2024-09-05
NIFTY2490525100CE,,2024-09-04,NSE,FO,,sell,false,50.000000,112.500000,83867046,1100000064427823,2024-09-04T13:15:40,2024-09-05
NIFTY2490525100CE,,2024-09-04,NSE,FO,,sell,false,50.000000,112.500000,83867045,1100000064427823,2024-09-04T13:15:40,2024-09-05
NIFTY2490525100CE,,2024-09-04,NSE,FO,,sell,false,25.000000,112.550000,83867044,1100000064427823,2024-09-04T13:15:40,2024-09-05
NIFTY2490525100CE,,2024-09-04,NSE,FO,,sell,false,200.000000,112.550000,83867043,1100000064427823,2024-09-04T13:15:40,2024-09-05
NIFTY2490525100CE,,2024-09-04,NSE,FO,,sell,false,50.000000,112.550000,83867042,1100000064427823,2024-09-04T13:15:40,2024-09-05
NIFTY2490525200CE,,2024-09-05,NSE,FO,,buy,false,50.000000,42.600000,5036907,1000000048156061,2024-09-05T10:14:21,2024-09-05
NIFTY2490525200CE,,2024-09-05,NSE,FO,,buy,false,100.000000,42.600000,5036908,1000000048156061,2024-09-05T10:14:21,2024-09-05
NIFTY2490525200CE,,2024-09-05,NSE,FO,,buy,false,100.000000,42.600000,5036909,1000000048156061,2024-09-05T10:14:21,2024-09-05
NIFTY2490525200CE,,2024-09-05,NSE,FO,,sell,false,250.000000,38.450000,5437123,1000000053734501,2024-09-05T10:26:10,2024-09-05
NIFTY2490525150CE,,2024-09-05,NSE,FO,,buy,false,125.000000,42.500000,89866176,1100000120909788,2024-09-05T12:56:52,2024-09-05
NIFTY2490525150CE,,2024-09-05,NSE,FO,,buy,false,125.000000,42.500000,89866175,1100000120909788,2024-09-05T12:56:52,2024-09-05
NIFTY2490525150CE,,2024-09-05,NSE,FO,,sell,false,75.000000,25.450000,91038720,1100000133239038,2024-09-05T13:25:47,2024-09-05
NIFTY2490525150CE,,2024-09-05,NSE,FO,,sell,false,25.000000,25.450000,91038719,1100000133239038,2024-09-05T13:25:47,2024-09-05
NIFTY2490525150CE,,2024-09-05,NSE,FO,,sell,false,100.000000,25.450000,91038718,1100000133239038,2024-09-05T13:25:47,2024-09-05
NIFTY2490525150CE,,2024-09-05,NSE,FO,,sell,false,25.000000,25.450000,91038717,1100000133239038,2024-09-05T13:25:47,2024-09-05
NIFTY2490525150CE,,2024-09-05,NSE,FO,,sell,false,25.000000,25.450000,91038716,1100000133239038,2024-09-05T13:25:47,2024-09-05
NIFTY2490525150CE,,2024-09-05,NSE,FO,,buy,false,25.000000,29.000000,91200947,1100000134812132,2024-09-05T13:28:54,2024-09-05
NIFTY2490525150CE,,2024-09-05,NSE,FO,,buy,false,25.000000,29.000000,91200946,1100000134812132,2024-09-05T13:28:54,2024-09-05
NIFTY2490525150CE,,2024-09-05,NSE,FO,,buy,false,25.000000,29.000000,91200945,1100000134812132,2024-09-05T13:28:54,2024-09-05
NIFTY2490525150CE,,2024-09-05,NSE,FO,,buy,false,25.000000,29.000000,91200944,1100000134812132,2024-09-05T13:28:54,2024-09-05
NIFTY2490525150CE,,2024-09-05,NSE,FO,,buy,false,25.000000,29.000000,91200943,1100000134812132,2024-09-05T13:28:54,2024-09-05
NIFTY2490525150CE,,2024-09-05,NSE,FO,,buy,false,25.000000,29.000000,91200942,1100000134812132,2024-09-05T13:28:54,2024-09-05
NIFTY2490525150CE,,2024-09-05,NSE,FO,,buy,false,25.000000,29.000000,91200941,1100000134812132,2024-09-05T13:28:54,2024-09-05
NIFTY2490525150CE,,2024-09-05,NSE,FO,,buy,false,50.000000,29.000000,91200940,1100000134812132,2024-09-05T13:28:54,2024-09-05
NIFTY2490525150CE,,2024-09-05,NSE,FO,,buy,false,125.000000,29.000000,91200939,1100000134812132,2024-09-05T13:28:54,2024-09-05
NIFTY2490525150CE,,2024-09-05,NSE,FO,,buy,false,25.000000,29.000000,91200953,1100000134812132,2024-09-05T13:28:54,2024-09-05
NIFTY2490525150CE,,2024-09-05,NSE,FO,,buy,false,25.000000,29.000000,91200952,1100000134812132,2024-09-05T13:28:54,2024-09-05
NIFTY2490525150CE,,2024-09-05,NSE,FO,,buy,false,25.000000,29.000000,91200951,1100000134812132,2024-09-05T13:28:54,2024-09-05
NIFTY2490525150CE,,2024-09-05,NSE,FO,,buy,false,25.000000,29.000000,91200950,1100000134812132,2024-09-05T13:28:54,2024-09-05
NIFTY2490525150CE,,2024-09-05,NSE,FO,,buy,false,25.000000,29.000000,91200949,1100000134812132,2024-09-05T13:28:54,2024-09-05
NIFTY2490525150CE,,2024-09-05,NSE,FO,,buy,false,25.000000,29.000000,91200948,1100000134812132,2024-09-05T13:28:54,2024-09-05
NIFTY2490525150CE,,2024-09-05,NSE,FO,,sell,false,25.000000,21.600000,93363413,1100000157558768,2024-09-05T14:22:06,2024-09-05
NIFTY2490525150CE,,2024-09-05,NSE,FO,,sell,false,150.000000,21.600000,93363412,1100000157558768,2024-09-05T14:22:06,2024-09-05
NIFTY2490525150CE,,2024-09-05,NSE,FO,,sell,false,75.000000,21.600000,93363411,1100000157558768,2024-09-05T14:22:06,2024-09-05
NIFTY2490525150CE,,2024-09-05,NSE,FO,,sell,false,50.000000,21.600000,93363410,1100000157558768,2024-09-05T14:22:06,2024-09-05
NIFTY2490525150CE,,2024-09-05,NSE,FO,,sell,false,75.000000,21.600000,93363409,1100000157558768,2024-09-05T14:22:06,2024-09-05
NIFTY2490525150CE,,2024-09-05,NSE,FO,,sell,false,25.000000,21.600000,93363408,1100000157558768,2024-09-05T14:22:06,2024-09-05
NIFTY2490525150CE,,2024-09-05,NSE,FO,,sell,false,25.000000,21.600000,93363407,1100000157558768,2024-09-05T14:22:06,2024-09-05
NIFTY2490525150CE,,2024-09-05,NSE,FO,,sell,false,75.000000,21.600000,93363406,1100000157558768,2024-09-05T14:22:06,2024-09-05
NIFTY2491224900CE,,2024-09-06,NSE,FO,,buy,false,200.000000,172.650000,83513292,1100000086461888,2024-09-06T12:05:16,2024-09-12
NIFTY2491224900CE,,2024-09-06,NSE,FO,,buy,false,50.000000,172.700000,83513293,1100000086461888,2024-09-06T12:05:16,2024-09-12
NIFTY2491224900CE,,2024-09-06,NSE,FO,,sell,false,125.000000,160.500000,83944670,1100000099388079,2024-09-06T12:48:41,2024-09-12
NIFTY2491224900CE,,2024-09-06,NSE,FO,,sell,false,75.000000,160.450000,83944671,1100000099388079,2024-09-06T12:48:41,2024-09-12
NIFTY2491224900CE,,2024-09-06,NSE,FO,,sell,false,50.000000,160.450000,83944672,1100000099388079,2024-09-06T12:48:41,2024-09-12
NIFTY2491224900CE,,2024-09-06,NSE,FO,,buy,false,150.000000,143.200000,84298494,1100000107523912,2024-09-06T13:08:33,2024-09-12
NIFTY2491224900CE,,2024-09-06,NSE,FO,,buy,false,250.000000,143.200000,84298495,1100000107523912,2024-09-06T13:08:33,2024-09-12
NIFTY2491224900CE,,2024-09-06,NSE,FO,,sell,false,50.000000,129.200000,84478000,1100000112448608,2024-09-06T13:25:01,2024-09-12
NIFTY2491224900CE,,2024-09-06,NSE,FO,,sell,false,200.000000,129.200000,84478001,1100000112448608,2024-09-06T13:25:01,2024-09-12
NIFTY2491224900CE,,2024-09-06,NSE,FO,,sell,false,100.000000,129.150000,84478002,1100000112448608,2024-09-06T13:25:01,2024-09-12
NIFTY2491224900CE,,2024-09-06,NSE,FO,,sell,false,50.000000,129.150000,84478003,1100000112448608,2024-09-06T13:25:01,2024-09-12
NIFTY2491224900CE,,2024-09-06,NSE,FO,,buy,false,50.000000,136.600000,84516640,1100000113559560,2024-09-06T13:28:00,2024-09-12
NIFTY2491224900CE,,2024-09-06,NSE,FO,,buy,false,25.000000,136.600000,84516641,1100000113559560,2024-09-06T13:28:00,2024-09-12
NIFTY2491224900CE,,2024-09-06,NSE,FO,,buy,false,50.000000,136.600000,84516642,1100000113559560,2024-09-06T13:28:00,2024-09-12
NIFTY2491224900CE,,2024-09-06,NSE,FO,,buy,false,50.000000,136.600000,84516643,1100000113559560,2024-09-06T13:28:00,2024-09-12
NIFTY2491224900CE,,2024-09-06,NSE,FO,,buy,false,75.000000,136.650000,84516644,1100000113559560,2024-09-06T13:28:00,2024-09-12
NIFTY2491224900CE,,2024-09-06,NSE,FO,,buy,false,150.000000,136.650000,84516645,1100000113559560,2024-09-06T13:28:00,2024-09-12
NIFTY2491224900CE,,2024-09-06,NSE,FO,,buy,false,100.000000,141.000000,84568642,1100000115243504,2024-09-06T13:33:50,2024-09-12
NIFTY2491224900CE,,2024-09-06,NSE,FO,,sell,false,50.000000,128.300000,85026236,1100000130534975,2024-09-06T14:25:00,2024-09-12
NIFTY2491224900CE,,2024-09-06,NSE,FO,,sell,false,250.000000,128.300000,85026237,1100000130534975,2024-09-06T14:25:00,2024-09-12
NIFTY2491224900CE,,2024-09-06,NSE,FO,,sell,false,75.000000,128.250000,85026238,1100000130534975,2024-09-06T14:25:00,2024-09-12
NIFTY2491224900CE,,2024-09-06,NSE,FO,,sell,false,125.000000,128.250000,85026239,1100000130534975,2024-09-06T14:25:00,2024-09-12
NIFTY2491224900CE,,2024-09-09,NSE,FO,,buy,false,25.000000,109.800000,82946130,1100000073390958,2024-09-09T11:32:40,2024-09-12
NIFTY2491224900CE,,2024-09-09,NSE,FO,,buy,false,125.000000,109.800000,82946131,1100000073390958,2024-09-09T11:32:40,2024-09-12
NIFTY2491224900CE,,2024-09-09,NSE,FO,,buy,false,100.000000,109.850000,82946132,1100000073390958,2024-09-09T11:32:40,2024-09-12
NIFTY2491224900CE,,2024-09-09,NSE,FO,,buy,false,25.000000,107.700000,83004906,1100000075369587,2024-09-09T11:37:43,2024-09-12
NIFTY2491224900CE,,2024-09-09,NSE,FO,,buy,false,25.000000,107.700000,83004907,1100000075369587,2024-09-09T11:37:43,2024-09-12
NIFTY2491224900CE,,2024-09-09,NSE,FO,,buy,false,75.000000,107.700000,83004908,1100000075369587,2024-09-09T11:37:43,2024-09-12
NIFTY2491224900CE,,2024-09-09,NSE,FO,,buy,false,75.000000,107.700000,83004909,1100000075369587,2024-09-09T11:37:43,2024-09-12
NIFTY2491224900CE,,2024-09-09,NSE,FO,,buy,false,25.000000,107.700000,83004910,1100000075369587,2024-09-09T11:37:43,2024-09-12
NIFTY2491224900CE,,2024-09-09,NSE,FO,,buy,false,25.000000,107.700000,83004911,1100000075369587,2024-09-09T11:37:43,2024-09-12
NIFTY2491224900CE,,2024-09-09,NSE,FO,,sell,false,225.000000,97.350000,83414311,1100000086561969,2024-09-09T12:09:37,2024-09-12
NIFTY2491224900CE,,2024-09-09,NSE,FO,,sell,false,100.000000,97.350000,83414312,1100000086561969,2024-09-09T12:09:37,2024-09-12
NIFTY2491224900CE,,2024-09-09,NSE,FO,,sell,false,150.000000,97.350000,83414313,1100000086561969,2024-09-09T12:09:37,2024-09-12
NIFTY2491224900CE,,2024-09-09,NSE,FO,,sell,false,25.000000,97.300000,83414314,1100000086561969,2024-09-09T12:09:37,2024-09-12
NIFTY2491224850CE,,2024-09-09,NSE,FO,,buy,false,75.000000,126.700000,4100351,1000000098491522,2024-09-09T12:32:35,2024-09-12
NIFTY2491224850CE,,2024-09-09,NSE,FO,,buy,false,50.000000,126.700000,4100352,1000000098491522,2024-09-09T12:32:35,2024-09-12
NIFTY2491224850CE,,2024-09-09,NSE,FO,,buy,false,25.000000,126.700000,4100353,1000000098491522,2024-09-09T12:32:35,2024-09-12
NIFTY2491224850CE,,2024-09-09,NSE,FO,,buy,false,75.000000,126.750000,4100354,1000000098491522,2024-09-09T12:32:35,2024-09-12
NIFTY2491224850CE,,2024-09-09,NSE,FO,,buy,false,50.000000,126.750000,4100355,1000000098491522,2024-09-09T12:32:35,2024-09-12
NIFTY2491224850CE,,2024-09-09,NSE,FO,,buy,false,25.000000,126.750000,4100356,1000000098491522,2024-09-09T12:32:35,2024-09-12
NIFTY2491224850CE,,2024-09-09,NSE,FO,,buy,false,200.000000,126.750000,4100357,1000000098491522,2024-09-09T12:32:35,2024-09-12
NIFTY2491224850CE,,2024-09-09,NSE,FO,,sell,false,25.000000,173.750000,4936590,1000000117497200,2024-09-09T13:34:00,2024-09-12
NIFTY2491224850CE,,2024-09-09,NSE,FO,,sell,false,200.000000,173.750000,4936589,1000000117497200,2024-09-09T13:34:00,2024-09-12
NIFTY2491224850CE,,2024-09-09,NSE,FO,,sell,false,150.000000,173.750000,4936588,1000000117497200,2024-09-09T13:34:00,2024-09-12
NIFTY2491224850CE,,2024-09-09,NSE,FO,,sell,false,25.000000,173.750000,4936587,1000000117497200,2024-09-09T13:34:00,2024-09-12
NIFTY2491224850CE,,2024-09-09,NSE,FO,,sell,false,100.000000,173.750000,4936586,1000000117497200,2024-09-09T13:34:00,2024-09-12
NIFTY2491225000CE,,2024-09-12,NSE,FO,,buy,false,25.000000,55.150000,9145253,1000000100465816,2024-09-12T11:06:32,2024-09-12
NIFTY2491225000CE,,2024-09-12,NSE,FO,,buy,false,25.000000,56.800000,9478826,1000000104184503,2024-09-12T11:12:05,2024-09-12
NIFTY2491225000CE,,2024-09-12,NSE,FO,,sell,false,25.000000,67.300000,9933773,1000000109663319,2024-09-12T11:21:52,2024-09-12
NIFTY2491225000CE,,2024-09-12,NSE,FO,,sell,false,25.000000,67.300000,9933774,1000000109663319,2024-09-12T11:21:52,2024-09-12
NIFTY2491225000CE,,2024-09-12,NSE,FO,,buy,false,25.000000,57.750000,12199438,1000000139144606,2024-09-12T11:57:50,2024-09-12
NIFTY2491225000CE,,2024-09-12,NSE,FO,,buy,false,200.000000,57.750000,12199328,1000000139141981,2024-09-12T11:57:50,2024-09-12
NIFTY2491225000CE,,2024-09-12,NSE,FO,,buy,false,25.000000,57.750000,12199329,1000000139141981,2024-09-12T11:57:50,2024-09-12
NIFTY2491225000CE,,2024-09-12,NSE,FO,,buy,false,200.000000,57.750000,12199330,1000000139141981,2024-09-12T11:57:50,2024-09-12
NIFTY2491225000CE,,2024-09-12,NSE,FO,,buy,false,75.000000,57.750000,12199331,1000000139141981,2024-09-12T11:57:50,2024-09-12
NIFTY2491225000CE,,2024-09-12,NSE,FO,,buy,false,175.000000,57.750000,12199433,1000000139144606,2024-09-12T11:57:50,2024-09-12
NIFTY2491225000CE,,2024-09-12,NSE,FO,,buy,false,75.000000,57.750000,12199434,1000000139144606,2024-09-12T11:57:50,2024-09-12
NIFTY2491225000CE,,2024-09-12,NSE,FO,,buy,false,75.000000,57.750000,12199435,1000000139144606,2024-09-12T11:57:50,2024-09-12
NIFTY2491225000CE,,2024-09-12,NSE,FO,,buy,false,75.000000,57.750000,12199436,1000000139144606,2024-09-12T11:57:50,2024-09-12
NIFTY2491225000CE,,2024-09-12,NSE,FO,,buy,false,75.000000,57.750000,12199437,1000000139144606,2024-09-12T11:57:50,2024-09-12
NIFTY2491225000CE,,2024-09-12,NSE,FO,,sell,false,275.000000,59.000000,12255638,1000000140079447,2024-09-12T11:59:11,2024-09-12
NIFTY2491225000CE,,2024-09-12,NSE,FO,,sell,false,25.000000,59.000000,12255639,1000000140079447,2024-09-12T11:59:11,2024-09-12
NIFTY2491225000CE,,2024-09-12,NSE,FO,,sell,false,25.000000,59.000000,12255640,1000000140079447,2024-09-12T11:59:11,2024-09-12
NIFTY2491225000CE,,2024-09-12,NSE,FO,,sell,false,25.000000,59.000000,12255641,1000000140079447,2024-09-12T11:59:11,2024-09-12
NIFTY2491225000CE,,2024-09-12,NSE,FO,,sell,false,150.000000,59.000000,12255642,1000000140079447,2024-09-12T11:59:11,2024-09-12
NIFTY2491225000CE,,2024-09-12,NSE,FO,,sell,false,250.000000,43.200000,15657142,1000000190962096,2024-09-12T13:14:11,2024-09-12
NIFTY2491225000CE,,2024-09-12,NSE,FO,,sell,false,125.000000,43.150000,15657143,1000000190962096,2024-09-12T13:14:11,2024-09-12
NIFTY2491225000CE,,2024-09-12,NSE,FO,,sell,false,125.000000,43.150000,15657144,1000000190962096,2024-09-12T13:14:11,2024-09-12
NIFTY2491925000CE,,2024-09-12,NSE,FO,,buy,false,25.000000,164.050000,152142826,1200000095562898,2024-09-12T13:17:01,2024-09-19
NIFTY2491925000CE,,2024-09-12,NSE,FO,,buy,false,325.000000,164.000000,152142824,1200000095562898,2024-09-12T13:17:01,2024-09-19
NIFTY2491925000CE,,2024-09-12,NSE,FO,,buy,false,75.000000,164.000000,152142825,1200000095562898,2024-09-12T13:17:01,2024-09-19
NIFTY2491925000CE,,2024-09-12,NSE,FO,,buy,false,75.000000,164.050000,152142827,1200000095562898,2024-09-12T13:17:01,2024-09-19
NIFTY2491925000CE,,2024-09-12,NSE,FO,,sell,false,500.000000,177.650000,152489560,1200000111269087,2024-09-12T14:00:48,2024-09-19
